{"cameraMode":{"drawMode":0,"name":"Shaded","section":"Shading Mode"},"sceneLighting":true,"audioPlay":false,"sceneViewState":{"showFog":true,"showMaterialUpdate":false,"showSkybox":true,"showFlares":true,"showImageEffects":true,"showParticleSystems":true},"in2DMode":false,"pivot":{"x":1.1374543905258179,"y":1.7234395742416382,"z":1.4760565757751465},"rotation":{"x":0.04094104468822479,"y":0.9586164951324463,"z":-0.21366974711418153,"w":0.18366573750972749},"size":3.2301976680755617,"orthographic":false}