{"cameraMode":{"drawMode":0,"name":"Shaded","section":"Shading Mode"},"sceneLighting":true,"audioPlay":false,"sceneViewState":{"showFog":true,"showMaterialUpdate":false,"showSkybox":true,"showFlares":true,"showImageEffects":true,"showParticleSystems":true},"in2DMode":false,"pivot":{"x":-3.7109010219573976,"y":-2.2395782470703127,"z":1.8788652420043946},"rotation":{"x":-0.2466595470905304,"y":0.6271179914474487,"z":-0.2192358374595642,"w":-0.705572783946991},"size":4.710200309753418,"orthographic":false}